function,optimizer,lr,saddle_id,saddle_x,saddle_y,lambda_min,r_escape,r_diverge,SEE_basic,SEE_basic_CI_lo,SEE_basic_CI_hi,SEE_quality,SEE_quality_CI_lo,SEE_quality_CI_hi,P_escape,P_quality,diverge_rate,stuck_rate,tau_escape_mean,tau_quality_mean,wilcoxon_p_vs_best,cohens_d_vs_best
Himmelblau,GD_fixed,0.01,0,-0.12796134673068002,-1.9537149802445994,-50.610239320365864,0.07028308312879633,8.48528137423857,0.3048780487804878,0.24981796116504854,0.39698540706605223,0.0,0.0,0.0,1.0,0.0,0.0,0.0,3.28,,1.0,0.9278462723283628
Himmelblau,GD_fixed,0.1,0,-0.12796134673068002,-1.9537149802445994,-50.610239320365864,0.07028308312879633,8.48528137423857,0.5494505494505494,0.4854368932038835,0.625,0.0,0.0,0.0,1.0,0.0,1.0,0.0,1.82,,1.0,0.9278462723283628
Himmelblau,Adam,0.01,0,-0.12796134673068002,-1.9537149802445994,-50.610239320365864,0.07028308312879633,8.48528137423857,0.2631578947368421,0.2240446480795477,0.3290018299058906,0.0,0.0,0.0,1.0,0.0,0.0,0.0,3.8,,1.0,0.6352723202587333
Himmelblau,Adam,0.1,0,-0.12796134673068002,-1.9537149802445994,-50.610239320365864,0.07028308312879633,8.48528137423857,0.6329113924050632,0.5813953488372093,0.6851693302891934,0.0,0.0,0.0,1.0,0.0,0.0,0.0,1.58,,1.0,0.6352723202587333
Himmelblau,AdamW,0.01,0,-0.12796134673068002,-1.9537149802445994,-50.610239320365864,0.07028308312879633,8.48528137423857,0.2631578947368421,0.2240446480795477,0.3290018299058906,0.0,0.0,0.0,1.0,0.0,0.0,0.0,3.8,,1.0,0.6427553737175448
Himmelblau,AdamW,0.1,0,-0.12796134673068002,-1.9537149802445994,-50.610239320365864,0.07028308312879633,8.48528137423857,0.6329113924050632,0.5813953488372093,0.6851693302891934,0.0,0.0,0.0,1.0,0.0,0.0,0.0,1.58,,1.0,0.6427553737175448
Himmelblau,RMSProp,0.01,0,-0.12796134673068002,-1.9537149802445994,-50.610239320365864,0.07028308312879633,8.48528137423857,0.6329113924050632,0.5813953488372093,0.6851693302891934,0.0,0.0,0.0,1.0,0.0,0.0,0.0,1.58,,,0.0
Himmelblau,RMSProp,0.1,0,-0.12796134673068002,-1.9537149802445994,-50.610239320365864,0.07028308312879633,8.48528137423857,0.6329113924050632,0.5813953488372093,0.6851693302891934,0.0,0.0,0.0,1.0,0.0,0.0,0.0,1.58,,,0.0
Himmelblau,AdaGrad,0.01,0,-0.12796134673068002,-1.9537149802445994,-50.610239320365864,0.07028308312879633,8.48528137423857,0.2222222222222222,0.18575575130650288,0.27932960893854747,0.0,0.0,0.0,1.0,0.0,0.0,0.0,4.5,,1.0,0.6263264681420684
Himmelblau,AdaGrad,0.1,0,-0.12796134673068002,-1.9537149802445994,-50.610239320365864,0.07028308312879633,8.48528137423857,0.6329113924050632,0.5813953488372093,0.6851693302891934,0.0,0.0,0.0,1.0,0.0,0.0,0.0,1.58,,1.0,0.6263264681420684
Himmelblau,SGD_momentum,0.01,0,-0.12796134673068002,-1.9537149802445994,-50.610239320365864,0.07028308312879633,8.48528137423857,0.35714285714285715,0.29757502113271345,0.44642857142857145,0.0,0.0,0.0,1.0,0.0,0.0,0.0,2.8,,1.0,1.0338275293798702
Himmelblau,SGD_momentum,0.1,0,-0.12796134673068002,-1.9537149802445994,-50.610239320365864,0.07028308312879633,8.48528137423857,0.5555555555555556,0.494928169287517,0.6329113924050633,0.0,0.0,0.0,1.0,0.0,1.0,0.0,1.8,,1.0,1.0338275293798702
Himmelblau,GD_fixed,0.01,1,3.385154183628265,0.07385187987901881,-14.135178485327303,0.13299010858592494,8.48528137423857,0.08445945945945946,0.0762050985203498,0.09454050563500195,0.0,0.0,0.0,1.0,0.0,0.0,0.0,11.84,,1.0,0.9278462723283628
Himmelblau,GD_fixed,0.1,1,3.385154183628265,0.07385187987901881,-14.135178485327303,0.13299010858592494,8.48528137423857,0.45454545454545453,0.43478260869565216,0.47619047619047616,0.0,0.0,0.0,1.0,0.0,1.0,0.0,2.2,,1.0,0.9278462723283628
Himmelblau,Adam,0.01,1,3.385154183628265,0.07385187987901881,-14.135178485327303,0.13299010858592494,8.48528137423857,0.08103727714748785,0.0734187476584805,0.08928970738563762,0.0,0.0,0.0,1.0,0.0,0.0,0.0,12.34,,1.0,0.6352723202587333
Himmelblau,Adam,0.1,1,3.385154183628265,0.07385187987901881,-14.135178485327303,0.13299010858592494,8.48528137423857,0.4065040650406504,0.37037037037037035,0.43859649122807015,0.0,0.0,0.0,1.0,0.0,0.0,0.0,2.46,,1.0,0.6352723202587333
Himmelblau,AdamW,0.01,1,3.385154183628265,0.07385187987901881,-14.135178485327303,0.13299010858592494,8.48528137423857,0.08130081300813008,0.07374089016137428,0.08944543828264759,0.0,0.0,0.0,1.0,0.0,0.0,0.0,12.3,,1.0,0.6427553737175448
Himmelblau,AdamW,0.1,1,3.385154183628265,0.07385187987901881,-14.135178485327303,0.13299010858592494,8.48528137423857,0.4065040650406504,0.37037037037037035,0.43859649122807015,0.0,0.0,0.0,1.0,0.0,0.0,0.0,2.46,,1.0,0.6427553737175448
Himmelblau,RMSProp,0.01,1,3.385154183628265,0.07385187987901881,-14.135178485327303,0.13299010858592494,8.48528137423857,0.38167938931297707,0.3401360544217687,0.4167542016806723,0.0,0.0,0.0,1.0,0.0,0.0,0.0,2.62,,,0.0
Himmelblau,RMSProp,0.1,1,3.385154183628265,0.07385187987901881,-14.135178485327303,0.13299010858592494,8.48528137423857,0.5,0.5,0.5,0.0,0.0,0.0,1.0,0.0,0.0,0.0,2.0,,,0.0
Himmelblau,AdaGrad,0.01,1,3.385154183628265,0.07385187987901881,-14.135178485327303,0.13299010858592494,8.48528137423857,0.034411562284927734,0.029186434354287253,0.03990662410215483,0.0,0.0,0.0,1.0,0.0,0.0,0.0,29.06,,1.0,0.6263264681420684
Himmelblau,AdaGrad,0.1,1,3.385154183628265,0.07385187987901881,-14.135178485327303,0.13299010858592494,8.48528137423857,0.38167938931297707,0.3401360544217687,0.4167542016806723,0.0,0.0,0.0,1.0,0.0,0.0,0.0,2.62,,1.0,0.6263264681420684
Himmelblau,SGD_momentum,0.01,1,3.385154183628265,0.07385187987901881,-14.135178485327303,0.13299010858592494,8.48528137423857,0.15015015015015015,0.13773158659522297,0.16339869281045752,0.0,0.0,0.0,1.0,0.0,0.0,0.0,6.66,,1.0,1.0338275293798702
Himmelblau,SGD_momentum,0.1,1,3.385154183628265,0.07385187987901881,-14.135178485327303,0.13299010858592494,8.48528137423857,0.45454545454545453,0.43478260869565216,0.47619047619047616,0.0,0.0,0.0,1.0,0.0,1.0,0.0,2.2,,1.0,1.0338275293798702
Himmelblau,GD_fixed,0.01,2,0.08667750455614405,2.8842547011743975,-31.706622362774915,0.0887963281471122,8.48528137423857,0.17793594306049823,0.14965630868440633,0.22522522522522523,0.0,0.0,0.0,1.0,0.0,0.0,0.0,5.62,,1.0,0.9278462723283628
Himmelblau,GD_fixed,0.1,2,0.08667750455614405,2.8842547011743975,-31.706622362774915,0.0887963281471122,8.48528137423857,0.5555555555555556,0.5208333333333334,0.6024096385542169,0.0,0.0,0.0,1.0,0.0,1.0,0.0,1.8,,1.0,0.9278462723283628
Himmelblau,Adam,0.01,2,0.08667750455614405,2.8842547011743975,-31.706622362774915,0.0887963281471122,8.48528137423857,0.16501650165016502,0.14532783304207555,0.19851310969732022,0.0,0.0,0.0,1.0,0.0,0.0,0.0,6.06,,1.0,0.6352723202587333
Himmelblau,Adam,0.1,2,0.08667750455614405,2.8842547011743975,-31.706622362774915,0.0887963281471122,8.48528137423857,0.5555555555555556,0.5208333333333334,0.6024096385542169,0.0,0.0,0.0,1.0,0.0,0.0,0.0,1.8,,1.0,0.6352723202587333
Himmelblau,AdamW,0.01,2,0.08667750455614405,2.8842547011743975,-31.706622362774915,0.0887963281471122,8.48528137423857,0.16556291390728478,0.1457725947521866,0.1992838363146604,0.0,0.0,0.0,1.0,0.0,0.0,0.0,6.04,,1.0,0.6427553737175448
Himmelblau,AdamW,0.1,2,0.08667750455614405,2.8842547011743975,-31.706622362774915,0.0887963281471122,8.48528137423857,0.5555555555555556,0.5208333333333334,0.6024096385542169,0.0,0.0,0.0,1.0,0.0,0.0,0.0,1.8,,1.0,0.6427553737175448
Himmelblau,RMSProp,0.01,2,0.08667750455614405,2.8842547011743975,-31.706622362774915,0.0887963281471122,8.48528137423857,0.5555555555555556,0.5208333333333334,0.6024096385542169,0.0,0.0,0.0,1.0,0.0,0.0,0.0,1.8,,,0.0
Himmelblau,RMSProp,0.1,2,0.08667750455614405,2.8842547011743975,-31.706622362774915,0.0887963281471122,8.48528137423857,0.5617977528089888,0.5263157894736842,0.6025933000293859,0.0,0.0,0.0,1.0,0.0,0.0,0.0,1.78,,,0.0
Himmelblau,AdaGrad,0.01,2,0.08667750455614405,2.8842547011743975,-31.706622362774915,0.0887963281471122,8.48528137423857,0.11086474501108648,0.09630255234668919,0.13852344539695524,0.0,0.0,0.0,1.0,0.0,0.0,0.0,9.02,,1.0,0.6263264681420684
Himmelblau,AdaGrad,0.1,2,0.08667750455614405,2.8842547011743975,-31.706622362774915,0.0887963281471122,8.48528137423857,0.5555555555555556,0.5208333333333334,0.6024096385542169,0.0,0.0,0.0,1.0,0.0,0.0,0.0,1.8,,1.0,0.6263264681420684
Himmelblau,SGD_momentum,0.01,2,0.08667750455614405,2.8842547011743975,-31.706622362774915,0.0887963281471122,8.48528137423857,0.24752475247524752,0.21551724137931033,0.29944628814659835,0.0,0.0,0.0,1.0,0.0,0.0,0.0,4.04,,1.0,1.0338275293798702
Himmelblau,SGD_momentum,0.1,2,0.08667750455614405,2.8842547011743975,-31.706622362774915,0.0887963281471122,8.48528137423857,0.5555555555555556,0.5208333333333334,0.6024096385542169,0.0,0.0,0.0,1.0,0.0,1.0,0.0,1.8,,1.0,1.0338275293798702
SixHumpCamel,GD_fixed,0.01,0,-1.6380679841905499,-0.22867406921908912,-5.545775013423169,0.2123189910947152,3.605551275463989,0.026595744680851064,0.023439518841368755,0.029911985573656746,0.0,0.0,0.0,1.0,0.0,0.0,0.0,37.6,,1.0,0.9278462723283628
SixHumpCamel,GD_fixed,0.1,0,-1.6380679841905499,-0.22867406921908912,-5.545775013423169,0.2123189910947152,3.605551275463989,0.17301038062283736,0.15970649492457636,0.18802352840275594,0.0,0.0,0.0,1.0,0.0,0.0,0.0,5.78,,1.0,0.9278462723283628
SixHumpCamel,Adam,0.01,0,-1.6380679841905499,-0.22867406921908912,-5.545775013423169,0.2123189910947152,3.605551275463989,0.056179775280898875,0.054168252759802055,0.05854972531168407,0.0,0.0,0.0,1.0,0.0,0.0,0.0,17.8,,1.0,0.6352723202587333
SixHumpCamel,Adam,0.1,0,-1.6380679841905499,-0.22867406921908912,-5.545775013423169,0.2123189910947152,3.605551275463989,0.31446540880503143,0.30120481927710846,0.32679738562091504,0.0,0.0,0.0,1.0,0.0,0.0,0.0,3.18,,1.0,0.6352723202587333
SixHumpCamel,AdamW,0.01,0,-1.6380679841905499,-0.22867406921908912,-5.545775013423169,0.2123189910947152,3.605551275463989,0.056179775280898875,0.054168252759802055,0.05854972531168407,0.0,0.0,0.0,1.0,0.0,0.0,0.0,17.8,,1.0,0.6427553737175448
SixHumpCamel,AdamW,0.1,0,-1.6380679841905499,-0.22867406921908912,-5.545775013423169,0.2123189910947152,3.605551275463989,0.3125,0.2994011976047904,0.3246753246753247,0.0,0.0,0.0,1.0,0.0,0.0,0.0,3.2,,1.0,0.6427553737175448
SixHumpCamel,RMSProp,0.01,0,-1.6380679841905499,-0.22867406921908912,-5.545775013423169,0.2123189910947152,3.605551275463989,0.32679738562091504,0.31446540880503143,0.33783783783783783,0.0,0.0,0.0,1.0,0.0,0.0,0.0,3.06,,,0.0
SixHumpCamel,RMSProp,0.1,0,-1.6380679841905499,-0.22867406921908912,-5.545775013423169,0.2123189910947152,3.605551275463989,0.5,0.5,0.5,0.0,0.0,0.0,1.0,0.0,0.0,0.0,2.0,,,0.0
SixHumpCamel,AdaGrad,0.01,0,-1.6380679841905499,-0.22867406921908912,-5.545775013423169,0.2123189910947152,3.605551275463989,0.017692852087756547,0.01675491211595533,0.018747656542932135,0.0,0.0,0.0,1.0,0.0,0.0,0.0,56.52,,1.0,0.6263264681420684
SixHumpCamel,AdaGrad,0.1,0,-1.6380679841905499,-0.22867406921908912,-5.545775013423169,0.2123189910947152,3.605551275463989,0.32679738562091504,0.31446540880503143,0.33783783783783783,0.0,0.0,0.0,1.0,0.0,0.0,0.0,3.06,,1.0,0.6263264681420684
SixHumpCamel,SGD_momentum,0.01,0,-1.6380679841905499,-0.22867406921908912,-5.545775013423169,0.2123189910947152,3.605551275463989,0.07621951219512195,0.07022225680381991,0.08279525386313467,0.0,0.0,0.0,1.0,0.0,0.0,0.0,13.12,,1.0,1.0338275293798702
SixHumpCamel,SGD_momentum,0.1,0,-1.6380679841905499,-0.22867406921908912,-5.545775013423169,0.2123189910947152,3.605551275463989,0.2183406113537118,0.20323146045225635,0.23696682464454977,0.0,0.0,0.0,1.0,0.0,0.52,0.0,4.58,,1.0,1.0338275293798702
SixHumpCamel,GD_fixed,0.01,1,1.6380679841897314,0.22867406904376153,-5.5457750172603815,0.2123189910212617,3.605551275463989,0.025354969574036514,0.02291214365043789,0.027980246160054793,0.0,0.0,0.0,1.0,0.0,0.0,0.0,39.44,,1.0,0.9278462723283628
SixHumpCamel,GD_fixed,0.1,1,1.6380679841897314,0.22867406904376153,-5.5457750172603815,0.2123189910212617,3.605551275463989,0.16891891891891891,0.15625,0.18050541516245489,0.0,0.0,0.0,1.0,0.0,0.0,0.0,5.92,,1.0,0.9278462723283628
SixHumpCamel,Adam,0.01,1,1.6380679841897314,0.22867406904376153,-5.5457750172603815,0.2123189910212617,3.605551275463989,0.05611672278338945,0.054052594711342015,0.05841292288353282,0.0,0.0,0.0,1.0,0.0,0.0,0.0,17.82,,1.0,0.6352723202587333
SixHumpCamel,Adam,0.1,1,1.6380679841897314,0.22867406904376153,-5.5457750172603815,0.2123189910212617,3.605551275463989,0.31446540880503143,0.30120481927710846,0.32685113519091846,0.0,0.0,0.0,1.0,0.0,0.0,0.0,3.18,,1.0,0.6352723202587333
SixHumpCamel,AdamW,0.01,1,1.6380679841897314,0.22867406904376153,-5.5457750172603815,0.2123189910212617,3.605551275463989,0.05611672278338945,0.054052594711342015,0.05841292288353282,0.0,0.0,0.0,1.0,0.0,0.0,0.0,17.82,,1.0,0.6427553737175448
SixHumpCamel,AdamW,0.1,1,1.6380679841897314,0.22867406904376153,-5.5457750172603815,0.2123189910212617,3.605551275463989,0.31446540880503143,0.30120481927710846,0.32685113519091846,0.0,0.0,0.0,1.0,0.0,0.0,0.0,3.18,,1.0,0.6427553737175448
SixHumpCamel,RMSProp,0.01,1,1.6380679841897314,0.22867406904376153,-5.5457750172603815,0.2123189910212617,3.605551275463989,0.32679738562091504,0.31446540880503143,0.33783783783783783,0.0,0.0,0.0,1.0,0.0,0.0,0.0,3.06,,,0.0
SixHumpCamel,RMSProp,0.1,1,1.6380679841897314,0.22867406904376153,-5.5457750172603815,0.2123189910212617,3.605551275463989,0.5,0.5,0.5,0.0,0.0,0.0,1.0,0.0,0.0,0.0,2.0,,,0.0
SixHumpCamel,AdaGrad,0.01,1,1.6380679841897314,0.22867406904376153,-5.5457750172603815,0.2123189910212617,3.605551275463989,0.01723543605653223,0.01622849724115547,0.018171427926108586,0.0,0.0,0.0,1.0,0.0,0.0,0.0,58.02,,1.0,0.6263264681420684
SixHumpCamel,AdaGrad,0.1,1,1.6380679841897314,0.22867406904376153,-5.5457750172603815,0.2123189910212617,3.605551275463989,0.32679738562091504,0.31446540880503143,0.33783783783783783,0.0,0.0,0.0,1.0,0.0,0.0,0.0,3.06,,1.0,0.6263264681420684
SixHumpCamel,SGD_momentum,0.01,1,1.6380679841897314,0.22867406904376153,-5.5457750172603815,0.2123189910212617,3.605551275463989,0.07485029940119761,0.06915390522913276,0.08038908823544641,0.0,0.0,0.0,1.0,0.0,0.0,0.0,13.36,,1.0,1.0338275293798702
SixHumpCamel,SGD_momentum,0.1,1,1.6380679841897314,0.22867406904376153,-5.5457750172603815,0.2123189910212617,3.605551275463989,0.21645021645021645,0.2032520325203252,0.23148148148148148,0.0,0.0,0.0,1.0,0.0,0.4,0.0,4.62,,1.0,1.0338275293798702
SixHumpCamel,GD_fixed,0.01,2,0.0,0.0,-8.06225774829855,0.17609281587034933,3.605551275463989,0.04351610095735422,0.038998527281682245,0.048497782339702235,0.0,0.0,0.0,1.0,0.0,0.0,0.0,22.98,,1.0,0.9278462723283628
SixHumpCamel,GD_fixed,0.1,2,0.0,0.0,-8.06225774829855,0.17609281587034933,3.605551275463989,0.2347417840375587,0.2164268920734438,0.25513474620617477,0.0,0.0,0.0,1.0,0.0,0.0,0.0,4.26,,1.0,0.9278462723283628
SixHumpCamel,Adam,0.01,2,0.0,0.0,-8.06225774829855,0.17609281587034933,3.605551275463989,0.06954102920723226,0.06639886079026071,0.07289162532180793,0.0,0.0,0.0,1.0,0.0,0.0,0.0,14.38,,1.0,0.6352723202587333
SixHumpCamel,Adam,0.1,2,0.0,0.0,-8.06225774829855,0.17609281587034933,3.605551275463989,0.3597122302158274,0.34716235632183906,0.37601105035315563,0.0,0.0,0.0,1.0,0.0,0.0,0.0,2.78,,1.0,0.6352723202587333
SixHumpCamel,AdamW,0.01,2,0.0,0.0,-8.06225774829855,0.17609281587034933,3.605551275463989,0.06925207756232687,0.0663042489309435,0.07257687441553441,0.0,0.0,0.0,1.0,0.0,0.0,0.0,14.44,,1.0,0.6427553737175448
SixHumpCamel,AdamW,0.1,2,0.0,0.0,-8.06225774829855,0.17609281587034933,3.605551275463989,0.3597122302158274,0.34716235632183906,0.37601105035315563,0.0,0.0,0.0,1.0,0.0,0.0,0.0,2.78,,1.0,0.6427553737175448
SixHumpCamel,RMSProp,0.01,2,0.0,0.0,-8.06225774829855,0.17609281587034933,3.605551275463989,0.3597122302158274,0.34716235632183906,0.37601105035315563,0.0,0.0,0.0,1.0,0.0,0.0,0.0,2.78,,,0.0
SixHumpCamel,RMSProp,0.1,2,0.0,0.0,-8.06225774829855,0.17609281587034933,3.605551275463989,0.5,0.5,0.5,0.0,0.0,0.0,1.0,0.0,0.0,0.0,2.0,,,0.0
SixHumpCamel,AdaGrad,0.01,2,0.0,0.0,-8.06225774829855,0.17609281587034933,3.605551275463989,0.027502750275027504,0.025919494729924223,0.029344016775550423,0.0,0.0,0.0,1.0,0.0,0.0,0.0,36.36,,1.0,0.6263264681420684
SixHumpCamel,AdaGrad,0.1,2,0.0,0.0,-8.06225774829855,0.17609281587034933,3.605551275463989,0.3597122302158274,0.34716235632183906,0.37601105035315563,0.0,0.0,0.0,1.0,0.0,0.0,0.0,2.78,,1.0,0.6263264681420684
SixHumpCamel,SGD_momentum,0.01,2,0.0,0.0,-8.06225774829855,0.17609281587034933,3.605551275463989,0.10101010101010101,0.09309693771984275,0.10893246187363835,0.0,0.0,0.0,1.0,0.0,0.0,0.0,9.9,,1.0,1.0338275293798702
SixHumpCamel,SGD_momentum,0.1,2,0.0,0.0,-8.06225774829855,0.17609281587034933,3.605551275463989,0.2617801047120419,0.24506814921090386,0.27932960893854747,0.0,0.0,0.0,1.0,0.0,0.2,0.0,3.82,,1.0,1.0338275293798702
Rastrigin,GD_fixed,0.01,0,-4.5229936595803535,-4.974691390876903,-388.67125722364096,0.025361725120968764,7.240773439350247,0.8928571428571428,0.8333333333333334,0.9615384615384616,0.0,0.0,0.0,1.0,0.0,0.0,0.0,1.12,,1.0,0.9278462723283628
Rastrigin,GD_fixed,0.1,0,-4.5229936595803535,-4.974691390876903,-388.67125722364096,0.025361725120968764,7.240773439350247,0.8928571428571428,0.8333333333333334,0.9615384615384616,0.0,0.0,0.0,1.0,0.0,1.0,0.0,1.12,,1.0,0.9278462723283628
Rastrigin,Adam,0.01,0,-4.5229936595803535,-4.974691390876903,-388.67125722364096,0.025361725120968764,7.240773439350247,0.78125,0.6756756756756757,0.9259259259259259,0.0,0.0,0.0,1.0,0.0,0.0,0.0,1.28,,1.0,0.6352723202587333
Rastrigin,Adam,0.1,0,-4.5229936595803535,-4.974691390876903,-388.67125722364096,0.025361725120968764,7.240773439350247,0.8928571428571428,0.8333333333333334,0.9615384615384616,0.0,0.0,0.0,1.0,0.0,0.0,0.0,1.12,,1.0,0.6352723202587333
Rastrigin,AdamW,0.01,0,-4.5229936595803535,-4.974691390876903,-388.67125722364096,0.025361725120968764,7.240773439350247,0.78125,0.6756756756756757,0.9259259259259259,0.0,0.0,0.0,1.0,0.0,0.0,0.0,1.28,,1.0,0.6427553737175448
Rastrigin,AdamW,0.1,0,-4.5229936595803535,-4.974691390876903,-388.67125722364096,0.025361725120968764,7.240773439350247,0.8928571428571428,0.8333333333333334,0.9615384615384616,0.0,0.0,0.0,1.0,0.0,0.0,0.0,1.12,,1.0,0.6427553737175448
Rastrigin,RMSProp,0.01,0,-4.5229936595803535,-4.974691390876903,-388.67125722364096,0.025361725120968764,7.240773439350247,0.8928571428571428,0.8333333333333334,0.9615384615384616,0.0,0.0,0.0,1.0,0.0,0.0,0.0,1.12,,,0.0
Rastrigin,RMSProp,0.1,0,-4.5229936595803535,-4.974691390876903,-388.67125722364096,0.025361725120968764,7.240773439350247,0.8928571428571428,0.8333333333333334,0.9615384615384616,0.0,0.0,0.0,1.0,0.0,0.0,0.0,1.12,,,0.0
Rastrigin,AdaGrad,0.01,0,-4.5229936595803535,-4.974691390876903,-388.67125722364096,0.025361725120968764,7.240773439350247,0.78125,0.6756756756756757,0.9259259259259259,0.0,0.0,0.0,1.0,0.0,0.0,0.0,1.28,,1.0,0.6263264681420684
Rastrigin,AdaGrad,0.1,0,-4.5229936595803535,-4.974691390876903,-388.67125722364096,0.025361725120968764,7.240773439350247,0.8928571428571428,0.8333333333333334,0.9615384615384616,0.0,0.0,0.0,1.0,0.0,0.0,0.0,1.12,,1.0,0.6263264681420684
Rastrigin,SGD_momentum,0.01,0,-4.5229936595803535,-4.974691390876903,-388.67125722364096,0.025361725120968764,7.240773439350247,0.8928571428571428,0.8333333333333334,0.9615384615384616,0.0,0.0,0.0,1.0,0.0,0.88,0.0,1.12,,1.0,1.0338275293798702
Rastrigin,SGD_momentum,0.1,0,-4.5229936595803535,-4.974691390876903,-388.67125722364096,0.025361725120968764,7.240773439350247,0.8928571428571428,0.8333333333333334,0.9615384615384616,0.0,0.0,0.0,1.0,0.0,1.0,0.0,1.12,,1.0,1.0338275293798702
Rastrigin,GD_fixed,0.01,1,4.5229936595803535,4.974691390876903,-388.67125722364096,0.025361725120968764,7.240773439350247,0.8928571428571428,0.8333333333333334,0.9615384615384616,0.0,0.0,0.0,1.0,0.0,0.0,0.0,1.12,,1.0,0.9278462723283628
Rastrigin,GD_fixed,0.1,1,4.5229936595803535,4.974691390876903,-388.67125722364096,0.025361725120968764,7.240773439350247,0.8928571428571428,0.8333333333333334,0.9615384615384616,0.0,0.0,0.0,1.0,0.0,1.0,0.0,1.12,,1.0,0.9278462723283628
Rastrigin,Adam,0.01,1,4.5229936595803535,4.974691390876903,-388.67125722364096,0.025361725120968764,7.240773439350247,0.78125,0.6756756756756757,0.9259259259259259,0.0,0.0,0.0,1.0,0.0,0.0,0.0,1.28,,1.0,0.6352723202587333
Rastrigin,Adam,0.1,1,4.5229936595803535,4.974691390876903,-388.67125722364096,0.025361725120968764,7.240773439350247,0.8928571428571428,0.8333333333333334,0.9615384615384616,0.0,0.0,0.0,1.0,0.0,0.0,0.0,1.12,,1.0,0.6352723202587333
Rastrigin,AdamW,0.01,1,4.5229936595803535,4.974691390876903,-388.67125722364096,0.025361725120968764,7.240773439350247,0.78125,0.6756756756756757,0.9259259259259259,0.0,0.0,0.0,1.0,0.0,0.0,0.0,1.28,,1.0,0.6427553737175448
Rastrigin,AdamW,0.1,1,4.5229936595803535,4.974691390876903,-388.67125722364096,0.025361725120968764,7.240773439350247,0.8928571428571428,0.8333333333333334,0.9615384615384616,0.0,0.0,0.0,1.0,0.0,0.0,0.0,1.12,,1.0,0.6427553737175448
Rastrigin,RMSProp,0.01,1,4.5229936595803535,4.974691390876903,-388.67125722364096,0.025361725120968764,7.240773439350247,0.8928571428571428,0.8333333333333334,0.9615384615384616,0.0,0.0,0.0,1.0,0.0,0.0,0.0,1.12,,,0.0
Rastrigin,RMSProp,0.1,1,4.5229936595803535,4.974691390876903,-388.67125722364096,0.025361725120968764,7.240773439350247,0.8928571428571428,0.8333333333333334,0.9615384615384616,0.0,0.0,0.0,1.0,0.0,0.0,0.0,1.12,,,0.0
Rastrigin,AdaGrad,0.01,1,4.5229936595803535,4.974691390876903,-388.67125722364096,0.025361725120968764,7.240773439350247,0.78125,0.6756756756756757,0.9259259259259259,0.0,0.0,0.0,1.0,0.0,0.0,0.0,1.28,,1.0,0.6263264681420684
Rastrigin,AdaGrad,0.1,1,4.5229936595803535,4.974691390876903,-388.67125722364096,0.025361725120968764,7.240773439350247,0.8928571428571428,0.8333333333333334,0.9615384615384616,0.0,0.0,0.0,1.0,0.0,0.0,0.0,1.12,,1.0,0.6263264681420684
Rastrigin,SGD_momentum,0.01,1,4.5229936595803535,4.974691390876903,-388.67125722364096,0.025361725120968764,7.240773439350247,0.8928571428571428,0.8333333333333334,0.9615384615384616,0.0,0.0,0.0,1.0,0.0,0.78,0.0,1.12,,1.0,1.0338275293798702
Rastrigin,SGD_momentum,0.1,1,4.5229936595803535,4.974691390876903,-388.67125722364096,0.025361725120968764,7.240773439350247,0.8928571428571428,0.8333333333333334,0.9615384615384616,0.0,0.0,0.0,1.0,0.0,1.0,0.0,1.12,,1.0,1.0338275293798702
Rastrigin,GD_fixed,0.01,2,4.974691390876903,-4.522993659580354,-388.67125722364085,0.02536172512096877,7.240773439350247,0.8928571428571428,0.8333333333333334,0.9615384615384616,0.0,0.0,0.0,1.0,0.0,0.0,0.0,1.12,,1.0,0.9278462723283628
Rastrigin,GD_fixed,0.1,2,4.974691390876903,-4.522993659580354,-388.67125722364085,0.02536172512096877,7.240773439350247,0.8928571428571428,0.8333333333333334,0.9615384615384616,0.0,0.0,0.0,1.0,0.0,1.0,0.0,1.12,,1.0,0.9278462723283628
Rastrigin,Adam,0.01,2,4.974691390876903,-4.522993659580354,-388.67125722364085,0.02536172512096877,7.240773439350247,0.8474576271186441,0.746268656716418,0.9615384615384616,0.0,0.0,0.0,1.0,0.0,0.0,0.0,1.18,,1.0,0.6352723202587333
Rastrigin,Adam,0.1,2,4.974691390876903,-4.522993659580354,-388.67125722364085,0.02536172512096877,7.240773439350247,0.8928571428571428,0.8333333333333334,0.9615384615384616,0.0,0.0,0.0,1.0,0.0,0.0,0.0,1.12,,1.0,0.6352723202587333
Rastrigin,AdamW,0.01,2,4.974691390876903,-4.522993659580354,-388.67125722364085,0.02536172512096877,7.240773439350247,0.8474576271186441,0.746268656716418,0.9615384615384616,0.0,0.0,0.0,1.0,0.0,0.0,0.0,1.18,,1.0,0.6427553737175448
Rastrigin,AdamW,0.1,2,4.974691390876903,-4.522993659580354,-388.67125722364085,0.02536172512096877,7.240773439350247,0.8928571428571428,0.8333333333333334,0.9615384615384616,0.0,0.0,0.0,1.0,0.0,0.0,0.0,1.12,,1.0,0.6427553737175448
Rastrigin,RMSProp,0.01,2,4.974691390876903,-4.522993659580354,-388.67125722364085,0.02536172512096877,7.240773439350247,0.8928571428571428,0.8333333333333334,0.9615384615384616,0.0,0.0,0.0,1.0,0.0,0.0,0.0,1.12,,,0.0
Rastrigin,RMSProp,0.1,2,4.974691390876903,-4.522993659580354,-388.67125722364085,0.02536172512096877,7.240773439350247,0.8928571428571428,0.8333333333333334,0.9615384615384616,0.0,0.0,0.0,1.0,0.0,0.0,0.0,1.12,,,0.0
Rastrigin,AdaGrad,0.01,2,4.974691390876903,-4.522993659580354,-388.67125722364085,0.02536172512096877,7.240773439350247,0.8474576271186441,0.746268656716418,0.9615384615384616,0.0,0.0,0.0,1.0,0.0,0.0,0.0,1.18,,1.0,0.6263264681420684
Rastrigin,AdaGrad,0.1,2,4.974691390876903,-4.522993659580354,-388.67125722364085,0.02536172512096877,7.240773439350247,0.8928571428571428,0.8333333333333334,0.9615384615384616,0.0,0.0,0.0,1.0,0.0,0.0,0.0,1.12,,1.0,0.6263264681420684
Rastrigin,SGD_momentum,0.01,2,4.974691390876903,-4.522993659580354,-388.67125722364085,0.02536172512096877,7.240773439350247,0.8928571428571428,0.8333333333333334,0.9615384615384616,0.0,0.0,0.0,1.0,0.0,0.86,0.0,1.12,,1.0,1.0338275293798702
Rastrigin,SGD_momentum,0.1,2,4.974691390876903,-4.522993659580354,-388.67125722364085,0.02536172512096877,7.240773439350247,0.8928571428571428,0.8333333333333334,0.9615384615384616,0.0,0.0,0.0,1.0,0.0,1.0,0.0,1.12,,1.0,1.0338275293798702
Styblinski_Tang,GD_fixed,0.01,0,0.15673125678045569,-2.9035340277713004,-15.852611878888114,0.12557973931706612,7.0710678118654755,0.07633587786259542,0.06450169127959739,0.09297187346566599,0.0,0.0,0.0,1.0,0.0,0.0,0.0,13.1,,1.0,0.9278462723283628
Styblinski_Tang,GD_fixed,0.1,0,0.15673125678045569,-2.9035340277713004,-15.852611878888114,0.12557973931706612,7.0710678118654755,0.4098360655737705,0.37871667805878334,0.43859649122807015,0.0,0.0,0.0,1.0,0.0,0.14,0.0,2.44,,1.0,0.9278462723283628
Styblinski_Tang,Adam,0.01,0,0.15673125678045569,-2.9035340277713004,-15.852611878888114,0.12557973931706612,7.0710678118654755,0.09842519685039369,0.09258831382214007,0.1079913606911447,0.0,0.0,0.0,1.0,0.0,0.0,0.0,10.16,,1.0,0.6352723202587333
Styblinski_Tang,Adam,0.1,0,0.15673125678045569,-2.9035340277713004,-15.852611878888114,0.12557973931706612,7.0710678118654755,0.4716981132075471,0.4503499034749035,0.49504950495049505,0.0,0.0,0.0,1.0,0.0,0.0,0.0,2.12,,1.0,0.6352723202587333
Styblinski_Tang,AdamW,0.01,0,0.15673125678045569,-2.9035340277713004,-15.852611878888114,0.12557973931706612,7.0710678118654755,0.09861932938856015,0.09275580506105988,0.10822510822510822,0.0,0.0,0.0,1.0,0.0,0.0,0.0,10.14,,1.0,0.6427553737175448
Styblinski_Tang,AdamW,0.1,0,0.15673125678045569,-2.9035340277713004,-15.852611878888114,0.12557973931706612,7.0710678118654755,0.4672897196261682,0.44632980404551204,0.49019607843137253,0.0,0.0,0.0,1.0,0.0,0.0,0.0,2.14,,1.0,0.6427553737175448
Styblinski_Tang,RMSProp,0.01,0,0.15673125678045569,-2.9035340277713004,-15.852611878888114,0.12557973931706612,7.0710678118654755,0.4716981132075471,0.4503499034749035,0.49504950495049505,0.0,0.0,0.0,1.0,0.0,0.0,0.0,2.12,,,0.0
Styblinski_Tang,RMSProp,0.1,0,0.15673125678045569,-2.9035340277713004,-15.852611878888114,0.12557973931706612,7.0710678118654755,0.5,0.5,0.5,0.0,0.0,0.0,1.0,0.0,0.0,0.0,2.0,,,0.0
Styblinski_Tang,AdaGrad,0.01,0,0.15673125678045569,-2.9035340277713004,-15.852611878888114,0.12557973931706612,7.0710678118654755,0.05359056806002144,0.04998639960435213,0.05982123790120108,0.0,0.0,0.0,1.0,0.0,0.0,0.0,18.66,,1.0,0.6263264681420684
Styblinski_Tang,AdaGrad,0.1,0,0.15673125678045569,-2.9035340277713004,-15.852611878888114,0.12557973931706612,7.0710678118654755,0.4716981132075471,0.4503499034749035,0.49504950495049505,0.0,0.0,0.0,1.0,0.0,0.0,0.0,2.12,,1.0,0.6263264681420684
Styblinski_Tang,SGD_momentum,0.01,0,0.15673125678045569,-2.9035340277713004,-15.852611878888114,0.12557973931706612,7.0710678118654755,0.13850415512465375,0.12163246235762898,0.16130337195949473,0.0,0.0,0.0,1.0,0.0,0.0,0.0,7.22,,1.0,1.0338275293798702
Styblinski_Tang,SGD_momentum,0.1,0,0.15673125678045569,-2.9035340277713004,-15.852611878888114,0.12557973931706612,7.0710678118654755,0.37037037037037035,0.3246753246753247,0.4166666666666667,0.0,0.0,0.0,1.0,0.0,1.0,0.0,2.7,,1.0,1.0338275293798702
Styblinski_Tang,GD_fixed,0.01,1,0.15673125678026742,2.7468027709907212,-15.852611878888467,0.1255797393170647,7.0710678118654755,0.07633587786259542,0.06450169127959739,0.09297187346566599,0.0,0.0,0.0,1.0,0.0,0.0,0.0,13.1,,1.0,0.9278462723283628
Styblinski_Tang,GD_fixed,0.1,1,0.15673125678026742,2.7468027709907212,-15.852611878888467,0.1255797393170647,7.0710678118654755,0.3846153846153846,0.34965034965034963,0.42025708588520155,0.0,0.0,0.0,1.0,0.0,0.0,0.0,2.6,,1.0,0.9278462723283628
Styblinski_Tang,Adam,0.01,1,0.15673125678026742,2.7468027709907212,-15.852611878888467,0.1255797393170647,7.0710678118654755,0.09842519685039369,0.09258831382214007,0.1079913606911447,0.0,0.0,0.0,1.0,0.0,0.0,0.0,10.16,,1.0,0.6352723202587333
Styblinski_Tang,Adam,0.1,1,0.15673125678026742,2.7468027709907212,-15.852611878888467,0.1255797393170647,7.0710678118654755,0.4716981132075471,0.4503499034749035,0.49504950495049505,0.0,0.0,0.0,1.0,0.0,0.0,0.0,2.12,,1.0,0.6352723202587333
Styblinski_Tang,AdamW,0.01,1,0.15673125678026742,2.7468027709907212,-15.852611878888467,0.1255797393170647,7.0710678118654755,0.09823182711198429,0.09242144177449169,0.10753267519466074,0.0,0.0,0.0,1.0,0.0,0.0,0.0,10.18,,1.0,0.6427553737175448
Styblinski_Tang,AdamW,0.1,1,0.15673125678026742,2.7468027709907212,-15.852611878888467,0.1255797393170647,7.0710678118654755,0.4716981132075471,0.4503499034749035,0.49504950495049505,0.0,0.0,0.0,1.0,0.0,0.0,0.0,2.12,,1.0,0.6427553737175448
Styblinski_Tang,RMSProp,0.01,1,0.15673125678026742,2.7468027709907212,-15.852611878888467,0.1255797393170647,7.0710678118654755,0.4716981132075471,0.4503499034749035,0.49504950495049505,0.0,0.0,0.0,1.0,0.0,0.0,0.0,2.12,,,0.0
Styblinski_Tang,RMSProp,0.1,1,0.15673125678026742,2.7468027709907212,-15.852611878888467,0.1255797393170647,7.0710678118654755,0.5,0.5,0.5,0.0,0.0,0.0,1.0,0.0,0.0,0.0,2.0,,,0.0
Styblinski_Tang,AdaGrad,0.01,1,0.15673125678026742,2.7468027709907212,-15.852611878888467,0.1255797393170647,7.0710678118654755,0.05359056806002144,0.04998639960435213,0.05982123790120108,0.0,0.0,0.0,1.0,0.0,0.0,0.0,18.66,,1.0,0.6263264681420684
Styblinski_Tang,AdaGrad,0.1,1,0.15673125678026742,2.7468027709907212,-15.852611878888467,0.1255797393170647,7.0710678118654755,0.4716981132075471,0.4503499034749035,0.49504950495049505,0.0,0.0,0.0,1.0,0.0,0.0,0.0,2.12,,1.0,0.6263264681420684
Styblinski_Tang,SGD_momentum,0.01,1,0.15673125678026742,2.7468027709907212,-15.852611878888467,0.1255797393170647,7.0710678118654755,0.13736263736263735,0.12047468721037997,0.1597444089456869,0.0,0.0,0.0,1.0,0.0,0.0,0.0,7.28,,1.0,1.0338275293798702
Styblinski_Tang,SGD_momentum,0.1,1,0.15673125678026742,2.7468027709907212,-15.852611878888467,0.1255797393170647,7.0710678118654755,0.36496350364963503,0.3224779124717485,0.40675813008130085,0.0,0.0,0.0,1.0,0.0,1.0,0.0,2.74,,1.0,1.0338275293798702
Styblinski_Tang,GD_fixed,0.01,2,-2.9035340277713004,0.15673125678045569,-15.852611878888114,0.12557973931706612,7.0710678118654755,0.0946969696969697,0.08101455034700578,0.10965514748409484,0.0,0.0,0.0,1.0,0.0,0.0,0.0,10.56,,1.0,0.9278462723283628
Styblinski_Tang,GD_fixed,0.1,2,-2.9035340277713004,0.15673125678045569,-15.852611878888114,0.12557973931706612,7.0710678118654755,0.4098360655737705,0.38160710154984967,0.43487795575896265,0.0,0.0,0.0,1.0,0.0,0.1,0.0,2.44,,1.0,0.9278462723283628
Styblinski_Tang,Adam,0.01,2,-2.9035340277713004,0.15673125678045569,-15.852611878888114,0.12557973931706612,7.0710678118654755,0.10351966873706003,0.09632527185347596,0.11237223222664672,0.0,0.0,0.0,1.0,0.0,0.0,0.0,9.66,,1.0,0.6352723202587333
Styblinski_Tang,Adam,0.1,2,-2.9035340277713004,0.15673125678045569,-15.852611878888114,0.12557973931706612,7.0710678118654755,0.4854368932038835,0.4715879033680127,0.49504950495049505,0.0,0.0,0.0,1.0,0.0,0.0,0.0,2.06,,1.0,0.6352723202587333
Styblinski_Tang,AdamW,0.01,2,-2.9035340277713004,0.15673125678045569,-15.852611878888114,0.12557973931706612,7.0710678118654755,0.10351966873706003,0.09632527185347596,0.11237223222664672,0.0,0.0,0.0,1.0,0.0,0.0,0.0,9.66,,1.0,0.6427553737175448
Styblinski_Tang,AdamW,0.1,2,-2.9035340277713004,0.15673125678045569,-15.852611878888114,0.12557973931706612,7.0710678118654755,0.4854368932038835,0.4715879033680127,0.49504950495049505,0.0,0.0,0.0,1.0,0.0,0.0,0.0,2.06,,1.0,0.6427553737175448
Styblinski_Tang,RMSProp,0.01,2,-2.9035340277713004,0.15673125678045569,-15.852611878888114,0.12557973931706612,7.0710678118654755,0.4854368932038835,0.4715879033680127,0.49504950495049505,0.0,0.0,0.0,1.0,0.0,0.0,0.0,2.06,,,0.0
Styblinski_Tang,RMSProp,0.1,2,-2.9035340277713004,0.15673125678045569,-15.852611878888114,0.12557973931706612,7.0710678118654755,0.5,0.5,0.5,0.0,0.0,0.0,1.0,0.0,0.0,0.0,2.0,,,0.0
Styblinski_Tang,AdaGrad,0.01,2,-2.9035340277713004,0.15673125678045569,-15.852611878888114,0.12557973931706612,7.0710678118654755,0.056818181818181816,0.05159428405970491,0.06305969373974112,0.0,0.0,0.0,1.0,0.0,0.0,0.0,17.6,,1.0,0.6263264681420684
Styblinski_Tang,AdaGrad,0.1,2,-2.9035340277713004,0.15673125678045569,-15.852611878888114,0.12557973931706612,7.0710678118654755,0.4854368932038835,0.4715879033680127,0.49504950495049505,0.0,0.0,0.0,1.0,0.0,0.0,0.0,2.06,,1.0,0.6263264681420684
Styblinski_Tang,SGD_momentum,0.01,2,-2.9035340277713004,0.15673125678045569,-15.852611878888114,0.12557973931706612,7.0710678118654755,0.1607717041800643,0.14242996537614103,0.18050541516245489,0.0,0.0,0.0,1.0,0.0,0.0,0.0,6.22,,1.0,1.0338275293798702
Styblinski_Tang,SGD_momentum,0.1,2,-2.9035340277713004,0.15673125678045569,-15.852611878888114,0.12557973931706612,7.0710678118654755,0.4098360655737705,0.37593984962406013,0.4386935258500233,0.0,0.0,0.0,1.0,0.0,1.0,0.0,2.44,,1.0,1.0338275293798702
Levy,GD_fixed,0.01,0,7.723082150777125,8.114563457244719,-15.349280670399178,0.12762212640572013,14.142135623730951,0.09074410163339383,0.07727379894880484,0.10484956294638098,0.0,0.0,0.0,1.0,0.0,0.0,0.0,11.02,,1.0,0.9278462723283628
Levy,GD_fixed,0.1,0,7.723082150777125,8.114563457244719,-15.349280670399178,0.12762212640572013,14.142135623730951,0.4065040650406504,0.3787878787878788,0.4311281859070465,0.0,0.0,0.0,1.0,0.0,0.0,0.0,2.46,,1.0,0.9278462723283628
Levy,Adam,0.01,0,7.723082150777125,8.114563457244719,-15.349280670399178,0.12762212640572013,14.142135623730951,0.10245901639344263,0.0955751860539927,0.11137103082664436,0.0,0.0,0.0,1.0,0.0,0.0,0.0,9.76,,1.0,0.6352723202587333
Levy,Adam,0.1,0,7.723082150777125,8.114563457244719,-15.349280670399178,0.12762212640572013,14.142135623730951,0.4807692307692307,0.46285677879714576,0.49504950495049505,0.0,0.0,0.0,1.0,0.0,0.0,0.0,2.08,,1.0,0.6352723202587333
Levy,AdamW,0.01,0,7.723082150777125,8.114563457244719,-15.349280670399178,0.12762212640572013,14.142135623730951,0.1006036217303823,0.09292819771444306,0.10964912280701754,0.0,0.0,0.0,1.0,0.0,0.0,0.0,9.94,,1.0,0.6427553737175448
Levy,AdamW,0.1,0,7.723082150777125,8.114563457244719,-15.349280670399178,0.12762212640572013,14.142135623730951,0.47619047619047616,0.45454545454545453,0.49019607843137253,0.0,0.0,0.0,1.0,0.0,0.0,0.0,2.1,,1.0,0.6427553737175448
Levy,RMSProp,0.01,0,7.723082150777125,8.114563457244719,-15.349280670399178,0.12762212640572013,14.142135623730951,0.4807692307692307,0.46285677879714576,0.49504950495049505,0.0,0.0,0.0,1.0,0.0,0.0,0.0,2.08,,,0.0
Levy,RMSProp,0.1,0,7.723082150777125,8.114563457244719,-15.349280670399178,0.12762212640572013,14.142135623730951,0.5,0.5,0.5,0.0,0.0,0.0,1.0,0.0,0.0,0.0,2.0,,,0.0
Levy,AdaGrad,0.01,0,7.723082150777125,8.114563457244719,-15.349280670399178,0.12762212640572013,14.142135623730951,0.054288816503800214,0.04939983459779308,0.06009977409638555,0.0,0.0,0.0,1.0,0.0,0.0,0.0,18.42,,1.0,0.6263264681420684
Levy,AdaGrad,0.1,0,7.723082150777125,8.114563457244719,-15.349280670399178,0.12762212640572013,14.142135623730951,0.4807692307692307,0.46285677879714576,0.49504950495049505,0.0,0.0,0.0,1.0,0.0,0.0,0.0,2.08,,1.0,0.6263264681420684
Levy,SGD_momentum,0.01,0,7.723082150777125,8.114563457244719,-15.349280670399178,0.12762212640572013,14.142135623730951,0.15723270440251572,0.14004624196047133,0.176056338028169,0.0,0.0,0.0,1.0,0.0,0.0,0.0,6.36,,1.0,1.0338275293798702
Levy,SGD_momentum,0.1,0,7.723082150777125,8.114563457244719,-15.349280670399178,0.12762212640572013,14.142135623730951,0.4065040650406504,0.37593984962406013,0.43487795575896265,0.0,0.0,0.0,1.0,0.0,0.02,0.0,2.46,,1.0,1.0338275293798702
Levy,GD_fixed,0.01,1,-6.49619942830322,-8.959023320619844,-43.544060411832156,0.07577143939693481,14.142135623730951,0.24271844660194175,0.19445970831971962,0.31655712431028893,0.0,0.0,0.0,1.0,0.0,0.0,0.0,4.12,,1.0,0.9278462723283628
Levy,GD_fixed,0.1,1,-6.49619942830322,-8.959023320619844,-43.544060411832156,0.07577143939693481,14.142135623730951,0.5376344086021505,0.4853202016430172,0.6097560975609756,0.0,0.0,0.0,1.0,0.0,0.0,0.0,1.86,,1.0,0.9278462723283628
Levy,Adam,0.01,1,-6.49619942830322,-8.959023320619844,-43.544060411832156,0.07577143939693481,14.142135623730951,0.22026431718061673,0.1900960652148865,0.26889025245441794,0.0,0.0,0.0,1.0,0.0,0.0,0.0,4.54,,1.0,0.6352723202587333
Levy,Adam,0.1,1,-6.49619942830322,-8.959023320619844,-43.544060411832156,0.07577143939693481,14.142135623730951,0.6024096385542169,0.5617977528089888,0.6495642515379358,0.0,0.0,0.0,1.0,0.0,0.0,0.0,1.66,,1.0,0.6352723202587333
Levy,AdamW,0.01,1,-6.49619942830322,-8.959023320619844,-43.544060411832156,0.07577143939693481,14.142135623730951,0.2183406113537118,0.18928872053872053,0.26881720430107525,0.0,0.0,0.0,1.0,0.0,0.0,0.0,4.58,,1.0,0.6427553737175448
Levy,AdamW,0.1,1,-6.49619942830322,-8.959023320619844,-43.544060411832156,0.07577143939693481,14.142135623730951,0.6024096385542169,0.5617977528089888,0.6495642515379358,0.0,0.0,0.0,1.0,0.0,0.0,0.0,1.66,,1.0,0.6427553737175448
Levy,RMSProp,0.01,1,-6.49619942830322,-8.959023320619844,-43.544060411832156,0.07577143939693481,14.142135623730951,0.6024096385542169,0.5617977528089888,0.6495642515379358,0.0,0.0,0.0,1.0,0.0,0.0,0.0,1.66,,,0.0
Levy,RMSProp,0.1,1,-6.49619942830322,-8.959023320619844,-43.544060411832156,0.07577143939693481,14.142135623730951,0.6024096385542169,0.5617977528089888,0.6495642515379358,0.0,0.0,0.0,1.0,0.0,0.0,0.0,1.66,,,0.0
Levy,AdaGrad,0.01,1,-6.49619942830322,-8.959023320619844,-43.544060411832156,0.07577143939693481,14.142135623730951,0.17421602787456444,0.14832444285875893,0.215540565756083,0.0,0.0,0.0,1.0,0.0,0.0,0.0,5.74,,1.0,0.6263264681420684
Levy,AdaGrad,0.1,1,-6.49619942830322,-8.959023320619844,-43.544060411832156,0.07577143939693481,14.142135623730951,0.6024096385542169,0.5617977528089888,0.6495642515379358,0.0,0.0,0.0,1.0,0.0,0.0,0.0,1.66,,1.0,0.6263264681420684
Levy,SGD_momentum,0.01,1,-6.49619942830322,-8.959023320619844,-43.544060411832156,0.07577143939693481,14.142135623730951,0.3067484662576687,0.2550376211090497,0.3846899224806202,0.0,0.0,0.0,1.0,0.0,0.0,0.0,3.26,,1.0,1.0338275293798702
Levy,SGD_momentum,0.1,1,-6.49619942830322,-8.959023320619844,-43.544060411832156,0.07577143939693481,14.142135623730951,0.5319148936170213,0.47619047619047616,0.6097560975609756,0.0,0.0,0.0,1.0,0.0,0.74,0.0,1.88,,1.0,1.0338275293798702
Levy,GD_fixed,0.01,2,-6.496199428308066,6.930286250604317,-43.544060411875066,0.07577143939689747,14.142135623730951,0.25,0.19833519345238093,0.33344594594594595,0.0,0.0,0.0,1.0,0.0,0.0,0.0,4.0,,1.0,0.9278462723283628
Levy,GD_fixed,0.1,2,-6.496199428308066,6.930286250604317,-43.544060411875066,0.07577143939689747,14.142135623730951,0.5154639175257733,0.45871559633027525,0.6024096385542169,0.0,0.0,0.0,1.0,0.0,0.0,0.0,1.94,,1.0,0.9278462723283628
Levy,Adam,0.01,2,-6.496199428308066,6.930286250604317,-43.544060411875066,0.07577143939689747,14.142135623730951,0.22026431718061673,0.1900960652148865,0.26889025245441794,0.0,0.0,0.0,1.0,0.0,0.0,0.0,4.54,,1.0,0.6352723202587333
Levy,Adam,0.1,2,-6.496199428308066,6.930286250604317,-43.544060411875066,0.07577143939689747,14.142135623730951,0.6024096385542169,0.5617977528089888,0.6495642515379358,0.0,0.0,0.0,1.0,0.0,0.0,0.0,1.66,,1.0,0.6352723202587333
Levy,AdamW,0.01,2,-6.496199428308066,6.930286250604317,-43.544060411875066,0.07577143939689747,14.142135623730951,0.2192982456140351,0.18930593105778978,0.26881720430107525,0.0,0.0,0.0,1.0,0.0,0.0,0.0,4.56,,1.0,0.6427553737175448
Levy,AdamW,0.1,2,-6.496199428308066,6.930286250604317,-43.544060411875066,0.07577143939689747,14.142135623730951,0.6024096385542169,0.5617977528089888,0.6495642515379358,0.0,0.0,0.0,1.0,0.0,0.0,0.0,1.66,,1.0,0.6427553737175448
Levy,RMSProp,0.01,2,-6.496199428308066,6.930286250604317,-43.544060411875066,0.07577143939689747,14.142135623730951,0.6024096385542169,0.5617977528089888,0.6495642515379358,0.0,0.0,0.0,1.0,0.0,0.0,0.0,1.66,,,0.0
Levy,RMSProp,0.1,2,-6.496199428308066,6.930286250604317,-43.544060411875066,0.07577143939689747,14.142135623730951,0.6024096385542169,0.5617977528089888,0.6495642515379358,0.0,0.0,0.0,1.0,0.0,0.0,0.0,1.66,,,0.0
Levy,AdaGrad,0.01,2,-6.496199428308066,6.930286250604317,-43.544060411875066,0.07577143939689747,14.142135623730951,0.17421602787456444,0.14832444285875893,0.215540565756083,0.0,0.0,0.0,1.0,0.0,0.0,0.0,5.74,,1.0,0.6263264681420684
Levy,AdaGrad,0.1,2,-6.496199428308066,6.930286250604317,-43.544060411875066,0.07577143939689747,14.142135623730951,0.6024096385542169,0.5617977528089888,0.6495642515379358,0.0,0.0,0.0,1.0,0.0,0.0,0.0,1.66,,1.0,0.6263264681420684
Levy,SGD_momentum,0.01,2,-6.496199428308066,6.930286250604317,-43.544060411875066,0.07577143939689747,14.142135623730951,0.3067484662576687,0.2550376211090497,0.3846899224806202,0.0,0.0,0.0,1.0,0.0,0.0,0.0,3.26,,1.0,1.0338275293798702
Levy,SGD_momentum,0.1,2,-6.496199428308066,6.930286250604317,-43.544060411875066,0.07577143939689747,14.142135623730951,0.5208333333333334,0.4672897196261682,0.6024096385542169,0.0,0.0,0.0,1.0,0.0,0.74,0.0,1.92,,1.0,1.0338275293798702
Beale,GD_fixed,0.01,0,0.10053793732405447,-2.644513585024196,-0.7810271726923809,0.5657657521195089,6.363961030678928,0.3246753246753247,0.3085946375823676,0.34252479924421353,0.0,0.0,0.0,1.0,0.0,0.66,0.0,3.08,,1.0,0.9278462723283628
Beale,GD_fixed,0.1,0,0.10053793732405447,-2.644513585024196,-0.7810271726923809,0.5657657521195089,6.363961030678928,0.4716981132075471,0.45045045045045046,0.49019607843137253,0.0,0.0,0.0,1.0,0.0,1.0,0.0,2.12,,1.0,0.9278462723283628
Beale,Adam,0.01,0,0.10053793732405447,-2.644513585024196,-0.7810271726923809,0.5657657521195089,6.363961030678928,0.004007215207437214,0.003270152849876135,0.004713680755492791,0.0,0.0,0.0,0.76,0.0,0.0,0.24,189.6578947368421,,1.0,0.6352723202587333
Beale,Adam,0.1,0,0.10053793732405447,-2.644513585024196,-0.7810271726923809,0.5657657521195089,6.363961030678928,0.04288164665523156,0.03999443118536197,0.04570383912248629,0.0,0.0,0.0,1.0,0.0,0.0,0.0,23.32,,1.0,0.6352723202587333
Beale,AdamW,0.01,0,0.10053793732405447,-2.644513585024196,-0.7810271726923809,0.5657657521195089,6.363961030678928,0.0043895747599451305,0.0036273651313793315,0.005083785598882251,0.0,0.0,0.0,0.8,0.0,0.0,0.2,182.25,,1.0,0.6427553737175448
Beale,AdamW,0.1,0,0.10053793732405447,-2.644513585024196,-0.7810271726923809,0.5657657521195089,6.363961030678928,0.047214353163361665,0.043818336571404055,0.05010777603594286,0.0,0.0,0.0,1.0,0.0,0.0,0.0,21.18,,1.0,0.6427553737175448
Beale,RMSProp,0.01,0,0.10053793732405447,-2.644513585024196,-0.7810271726923809,0.5657657521195089,6.363961030678928,0.005197284683920237,0.003947873608192103,0.006394744549001361,0.0,0.0,0.0,0.7,0.0,0.0,0.3,134.68571428571428,,,0.0
Beale,RMSProp,0.1,0,0.10053793732405447,-2.644513585024196,-0.7810271726923809,0.5657657521195089,6.363961030678928,0.5,0.5,0.5,0.0,0.0,0.0,1.0,0.0,0.0,0.0,2.0,,,0.0
Beale,AdaGrad,0.01,0,0.10053793732405447,-2.644513585024196,-0.7810271726923809,0.5657657521195089,6.363961030678928,0.0,0.0,0.0,0.0,0.0,0.0,0.0,0.0,0.0,1.0,,,1.0,0.6263264681420684
Beale,AdaGrad,0.1,0,0.10053793732405447,-2.644513585024196,-0.7810271726923809,0.5657657521195089,6.363961030678928,0.00372269705603039,0.002598825960314373,0.004769985068588676,0.0,0.0,0.0,0.56,0.0,0.0,0.44,150.42857142857142,,1.0,0.6263264681420684
Beale,SGD_momentum,0.01,0,0.10053793732405447,-2.644513585024196,-0.7810271726923809,0.5657657521195089,6.363961030678928,0.3205128205128205,0.30483185513673317,0.3378952932524361,0.0,0.0,0.0,1.0,0.0,1.0,0.0,3.12,,1.0,1.0338275293798702
Beale,SGD_momentum,0.1,0,0.10053793732405447,-2.644513585024196,-0.7810271726923809,0.5657657521195089,6.363961030678928,0.4716981132075471,0.45045045045045046,0.49019607843137253,0.0,0.0,0.0,1.0,0.0,1.0,0.0,2.12,,1.0,1.0338275293798702
Beale,GD_fixed,0.01,1,-8.07567969105179e-13,0.9999999999996058,-27.750000000000387,0.09491579786505469,6.363961030678928,0.15479876160990713,0.12496141975308642,0.19308775145351023,0.0,0.0,0.0,1.0,0.0,0.0,0.0,6.46,,1.0,0.9278462723283628
Beale,GD_fixed,0.1,1,-8.07567969105179e-13,0.9999999999996058,-27.750000000000387,0.09491579786505469,6.363961030678928,0.4672897196261682,0.4346889055472264,0.5050505050505051,0.0,0.0,0.0,1.0,0.0,1.0,0.0,2.14,,1.0,0.9278462723283628
Beale,Adam,0.01,1,-8.07567969105179e-13,0.9999999999996058,-27.750000000000387,0.09491579786505469,6.363961030678928,0.12406947890818858,0.09725748538978111,0.1568406092189217,0.0,0.0,0.0,1.0,0.0,0.0,0.0,8.06,,1.0,0.6352723202587333
Beale,Adam,0.1,1,-8.07567969105179e-13,0.9999999999996058,-27.750000000000387,0.09491579786505469,6.363961030678928,0.3968253968253968,0.3422933713340075,0.45915246832678036,0.0,0.0,0.0,1.0,0.0,0.0,0.0,2.52,,1.0,0.6352723202587333
Beale,AdamW,0.01,1,-8.07567969105179e-13,0.9999999999996058,-27.750000000000387,0.09491579786505469,6.363961030678928,0.12106537530266344,0.09378683470849578,0.15631200396825398,0.0,0.0,0.0,1.0,0.0,0.0,0.0,8.26,,1.0,0.6427553737175448
Beale,AdamW,0.1,1,-8.07567969105179e-13,0.9999999999996058,-27.750000000000387,0.09491579786505469,6.363961030678928,0.4,0.3424657534246575,0.46739992946570275,0.0,0.0,0.0,1.0,0.0,0.0,0.0,2.5,,1.0,0.6427553737175448
Beale,RMSProp,0.01,1,-8.07567969105179e-13,0.9999999999996058,-27.750000000000387,0.09491579786505469,6.363961030678928,0.37037037037037035,0.3125,0.4427795655671763,0.0,0.0,0.0,1.0,0.0,0.0,0.0,2.7,,,0.0
Beale,RMSProp,0.1,1,-8.07567969105179e-13,0.9999999999996058,-27.750000000000387,0.09491579786505469,6.363961030678928,0.5263157894736842,0.5050505050505051,0.5555555555555556,0.0,0.0,0.0,1.0,0.0,0.0,0.0,1.9,,,0.0
Beale,AdaGrad,0.01,1,-8.07567969105179e-13,0.9999999999996058,-27.750000000000387,0.09491579786505469,6.363961030678928,0.08417508417508417,0.06176198357421318,0.11628584593700873,0.0,0.0,0.0,1.0,0.0,0.0,0.0,11.88,,1.0,0.6263264681420684
Beale,AdaGrad,0.1,1,-8.07567969105179e-13,0.9999999999996058,-27.750000000000387,0.09491579786505469,6.363961030678928,0.37037037037037035,0.3125,0.4427795655671763,0.0,0.0,0.0,1.0,0.0,0.0,0.0,2.7,,1.0,0.6263264681420684
Beale,SGD_momentum,0.01,1,-8.07567969105179e-13,0.9999999999996058,-27.750000000000387,0.09491579786505469,6.363961030678928,0.2232142857142857,0.19157088122605365,0.26184935870799747,0.0,0.0,0.0,1.0,0.0,0.14,0.0,4.48,,1.0,1.0338275293798702
Beale,SGD_momentum,0.1,1,-8.07567969105179e-13,0.9999999999996058,-27.750000000000387,0.09491579786505469,6.363961030678928,0.4587155963302752,0.42016806722689076,0.5,0.0,0.0,0.0,1.0,0.0,1.0,0.0,2.18,,1.0,1.0338275293798702
